id;username;email;firstname;lastname
1;Phased Credit;Elody_Dibbert45@hotmail.com;applications;navigate
2;Frozen;Stanley_Hartmann@gmail.com;architect Extended SDR;California
3;River;Jayne.Cummings83@hotmail.com;Iraq Mauritania;back-end infrastructures Corporate
4;input;Lavina.Schuster@hotmail.com;Illinois Chicken;Flat Administrator intermediate
5;Metal;Raphaelle28@hotmail.com;Cuba;Metal teal
6;Northern Handmade holistic;Jeanne.Heaney29@yahoo.com;Bhutan;Fundamental
7;Enterprise-wide Peru Incredible;Jamir_Parker@yahoo.com;Plastic;Planner Shoes interface
8;base PCI Open-source;Charlie81@yahoo.com;Bedfordshire;yellow Moldova Borders
9;Steel Applications;Noemi.Parisian83@yahoo.com;synthesizing;indexing
10;withdrawal Analyst wireless;Herman.Strosin93@gmail.com;Home Producer;Supervisor back-end
